index (hr),datetime,GHI,Temperature,Relative_Humidity
0,2015-04-01 00:00:00,0,18.73067627,100
0.5,2015-04-01 00:30:00,0,18.77321777,100
1,2015-04-01 01:00:00,0,18.81578979,100
1.5,2015-04-01 01:30:00,0,18.86428223,100
2,2015-04-01 02:00:00,0,18.91280518,100
2.5,2015-04-01 02:30:00,0,18.95308838,100
3,2015-04-01 03:00:00,0,18.99337158,100
3.5,2015-04-01 03:30:00,0,19.01146851,100
4,2015-04-01 04:00:00,0,19.02959595,100
4.5,2015-04-01 04:30:00,0,19.00859985,100
5,2015-04-01 05:00:00,0,18.98763428,100
5.5,2015-04-01 05:30:00,0,19.00286255,100
6,2015-04-01 06:00:00,0,19.01809082,100
6.5,2015-04-01 06:30:00,6,19.28444824,100
7,2015-04-01 07:00:00,38,19.55080566,99.7241745
7.5,2015-04-01 07:30:00,81,20.12514648,97.33789825
8,2015-04-01 08:00:00,243,20.6994873,95.0125351
8.5,2015-04-01 08:30:00,420,21.77095947,89.42228699
9,2015-04-01 09:00:00,527,22.84240112,84.20436859
9.5,2015-04-01 09:30:00,445,23.66256104,80.31682587
10,2015-04-01 10:00:00,568,24.48272095,76.6319809
10.5,2015-04-01 10:30:00,534,24.85518799,75.16561127
11,2015-04-01 11:00:00,393,25.22762451,73.73130035
11.5,2015-04-01 11:30:00,560,25.2968689,73.50236511
12,2015-04-01 12:00:00,467,25.36608276,73.27424622
12.5,2015-04-01 12:30:00,388,25.19640503,73.83048248
13,2015-04-01 13:00:00,684,25.02672729,74.39156342
13.5,2015-04-01 13:30:00,901,24.65758667,75.98249054
14,2015-04-01 14:00:00,377,24.28847656,77.61206818
14.5,2015-04-01 14:30:00,558,23.92907104,80.72200012
15,2015-04-01 15:00:00,724,23.56969604,83.93547821
15.5,2015-04-01 15:30:00,564,23.30840454,86.7511673
16,2015-04-01 16:00:00,541,23.04714355,89.63816071
16.5,2015-04-01 16:30:00,437,22.76790771,90.76091766
17,2015-04-01 17:00:00,277,22.48864136,91.8993988
17.5,2015-04-01 17:30:00,138,22.17723999,93.18796539
18,2015-04-01 18:00:00,72,21.86583862,94.49653625
18.5,2015-04-01 18:30:00,18,21.63994751,95.47731781
19,2015-04-01 19:00:00,0,21.4140564,96.46939087
19.5,2015-04-01 19:30:00,0,21.27272949,97.23563385
20,2015-04-01 20:00:00,0,21.13140259,98.00876617
20.5,2015-04-01 20:30:00,0,20.95888672,98.82293701
21,2015-04-01 21:00:00,0,20.78640137,99.64440155
21.5,2015-04-01 21:30:00,0,20.60430298,99.93592072
22,2015-04-01 22:00:00,0,20.42223511,100
22.5,2015-04-01 22:30:00,0,20.26772461,100
23,2015-04-01 23:00:00,0,20.11318359,100
23.5,2015-04-01 23:30:00,0,19.98104248,100
24,2015-04-02 00:00:00,0,19.84887085,99.91973114
24.5,2015-04-02 00:30:00,0,19.68776855,99.91429901
25,2015-04-02 01:00:00,0,19.52663574,99.90088654
25.5,2015-04-02 01:30:00,0,19.35082397,100
26,2015-04-02 02:00:00,0,19.17501221,100
26.5,2015-04-02 02:30:00,0,19.08867798,100
27,2015-04-02 03:00:00,0,19.00231323,100
27.5,2015-04-02 03:30:00,0,18.93877563,100
28,2015-04-02 04:00:00,0,18.87523804,100
28.5,2015-04-02 04:30:00,0,18.85030518,100
29,2015-04-02 05:00:00,0,18.82537231,100
29.5,2015-04-02 05:30:00,0,18.84707031,100
30,2015-04-02 06:00:00,0,18.86879883,100
30.5,2015-04-02 06:30:00,16,19.12279663,100
31,2015-04-02 07:00:00,96,19.37676392,99.86116028
31.5,2015-04-02 07:30:00,200,19.86278687,98.92822266
32,2015-04-02 08:00:00,63,20.34884033,97.97571564
32.5,2015-04-02 08:30:00,125,20.99160156,96.12637329
33,2015-04-02 09:00:00,200,21.63439331,94.29338837
33.5,2015-04-02 09:30:00,275,22.73427734,90.80446625
34,2015-04-02 10:00:00,247,23.83419189,87.4237442
34.5,2015-04-02 10:30:00,309,24.75542603,83.77400208
35,2015-04-02 11:00:00,411,25.67669067,80.29501343
35.5,2015-04-02 11:30:00,595,26.32207642,77.64308929
36,2015-04-02 12:00:00,607,26.96749268,75.09087372
36.5,2015-04-02 12:30:00,936,27.11254272,74.48968506
37,2015-04-02 13:00:00,929,27.25762329,73.89379883
37.5,2015-04-02 13:30:00,906,27.32796631,73.71321106
38,2015-04-02 14:00:00,865,27.39830933,73.53294373
38.5,2015-04-02 14:30:00,808,27.38833008,73.76820374
39,2015-04-02 15:00:00,736,27.37838135,74.00350952
39.5,2015-04-02 15:30:00,651,27.08800659,75.11579895
40,2015-04-02 16:00:00,554,26.79760132,76.24754333
40.5,2015-04-02 16:30:00,346,26.26589355,78.5934906
41,2015-04-02 17:00:00,261,25.73418579,81.02169037
41.5,2015-04-02 17:30:00,226,24.89138184,84.77114105
42,2015-04-02 18:00:00,119,24.0486084,88.7204361
42.5,2015-04-02 18:30:00,30,23.50252686,91.33863831
43,2015-04-02 19:00:00,0,22.95641479,94.045784
43.5,2015-04-02 19:30:00,0,22.6090332,95.34368134
44,2015-04-02 20:00:00,0,22.26165161,96.65929413
44.5,2015-04-02 20:30:00,0,21.9427124,96.95972443
45,2015-04-02 21:00:00,0,21.62377319,97.23912048
45.5,2015-04-02 21:30:00,0,21.27910767,97.32887268
46,2015-04-02 22:00:00,0,20.93444214,97.38456726
46.5,2015-04-02 22:30:00,0,20.59420166,97.88819122
47,2015-04-02 23:00:00,0,20.25396118,98.37566376
47.5,2015-04-02 23:30:00,0,19.91799316,99.15700531
48,2015-04-03 00:00:00,0,19.58202515,99.93330383
48.5,2015-04-03 00:30:00,0,19.40810547,99.50001526
49,2015-04-03 01:00:00,0,19.23421631,99.04780579
49.5,2015-04-03 01:30:00,0,19.11776123,98.65549469
50,2015-04-03 02:00:00,0,19.00127563,98.25418854
50.5,2015-04-03 02:30:00,0,18.92492065,98.14720917
51,2015-04-03 03:00:00,0,18.84859619,98.03720856
51.5,2015-04-03 03:30:00,0,18.77242432,98.27274323
52,2015-04-03 04:00:00,0,18.69628296,98.50841522
52.5,2015-04-03 04:30:00,0,18.66225586,98.74610901
53,2015-04-03 05:00:00,0,18.62819824,98.98459625
53.5,2015-04-03 05:30:00,0,18.71074829,98.77430725
54,2015-04-03 06:00:00,0,18.79332886,98.56380463
54.5,2015-04-03 06:30:00,19,19.2427002,96.68648529
55,2015-04-03 07:00:00,100,19.69204102,94.8481369
55.5,2015-04-03 07:30:00,204,20.52788696,91.11360931
56,2015-04-03 08:00:00,111,21.36370239,87.54529572
56.5,2015-04-03 08:30:00,149,22.46560059,83.58686066
57,2015-04-03 09:00:00,122,23.56749878,79.82137299
57.5,2015-04-03 09:30:00,144,24.00844727,77.97237396
58,2015-04-03 10:00:00,379,24.44936523,76.17255402
58.5,2015-04-03 10:30:00,783,24.66863403,76.06990814
59,2015-04-03 11:00:00,841,24.88790283,75.95885468
59.5,2015-04-03 11:30:00,884,25.08168945,76.18949127
60,2015-04-03 12:00:00,245,25.27547607,76.40628815
60.5,2015-04-03 12:30:00,248,25.43447266,75.12788391
61,2015-04-03 13:00:00,914,25.59343872,73.86804962
61.5,2015-04-03 13:30:00,890,25.61901245,70.28459167
62,2015-04-03 14:00:00,850,25.64458618,66.71784973
62.5,2015-04-03 14:30:00,795,25.69417725,61.68925095
63,2015-04-03 15:00:00,725,25.74376831,56.69747543
63.5,2015-04-03 15:30:00,641,25.23101196,54.17277145
64,2015-04-03 16:00:00,176,24.71828613,51.4480896
64.5,2015-04-03 16:30:00,129,23.79750977,51.7048645
65,2015-04-03 17:00:00,167,22.87676392,51.84646225
65.5,2015-04-03 17:30:00,159,21.67250977,53.72999954
66,2015-04-03 18:00:00,84,20.46825562,55.63815689
66.5,2015-04-03 18:30:00,22,19.64324341,56.93790436
67,2015-04-03 19:00:00,0,18.81820068,58.23960114
67.5,2015-04-03 19:30:00,0,18.31411133,59.29750824
68,2015-04-03 20:00:00,0,17.81005249,60.37028503
68.5,2015-04-03 20:30:00,0,17.39187012,60.85271072
69,2015-04-03 21:00:00,0,16.97365723,61.32221222
69.5,2015-04-03 21:30:00,0,16.50472412,61.05922318
70,2015-04-03 22:00:00,0,16.03582153,60.73089218
70.5,2015-04-03 22:30:00,0,15.52022705,60.08239365
71,2015-04-03 23:00:00,0,15.00463257,59.33098602
71.5,2015-04-03 23:30:00,0,14.51998291,59.03138351
72,2015-04-04 00:00:00,0,14.03536377,58.66040421
72.5,2015-04-04 00:30:00,0,13.66851196,58.99543762
73,2015-04-04 01:00:00,0,13.30162964,59.31710434
73.5,2015-04-04 01:30:00,0,13.04744873,59.9366951
74,2015-04-04 02:00:00,0,12.79326782,60.5624733
74.5,2015-04-04 02:30:00,0,12.56017456,61.19023514
75,2015-04-04 03:00:00,0,12.32711182,61.82466125
75.5,2015-04-04 03:30:00,0,12.08730469,62.59540939
76,2015-04-04 04:00:00,0,11.84749756,63.37688065
76.5,2015-04-04 04:30:00,0,11.60323486,64.38030243
77,2015-04-04 05:00:00,0,11.35897217,65.40161133
77.5,2015-04-04 05:30:00,0,11.22307739,66.20285797
78,2015-04-04 06:00:00,0,11.0871521,67.01416779
78.5,2015-04-04 06:30:00,7,11.6166626,64.45883942
79,2015-04-04 07:00:00,37,12.1461731,62.00898743
79.5,2015-04-04 07:30:00,74,12.93544922,57.81847763
80,2015-04-04 08:00:00,258,13.72475586,53.90953827
80.5,2015-04-04 08:30:00,348,14.55742798,50.30388641
81,2015-04-04 09:00:00,544,15.3901001,46.94443893
81.5,2015-04-04 09:30:00,398,16.23293457,44.30998611
82,2015-04-04 10:00:00,405,17.07576904,41.83759308
82.5,2015-04-04 10:30:00,807,17.72112427,40.80998611
83,2015-04-04 11:00:00,868,18.36647949,39.80583954
83.5,2015-04-04 11:30:00,912,18.88601074,39.20803833
84,2015-04-04 12:00:00,735,19.40557251,38.6124115
84.5,2015-04-04 12:30:00,949,19.82067261,38.3456192
85,2015-04-04 13:00:00,941,20.23580322,38.07010651
85.5,2015-04-04 13:30:00,915,20.42858276,37.99472046
86,2015-04-04 14:00:00,872,20.6213623,37.91621399
86.5,2015-04-04 14:30:00,813,20.58709106,38.27951813
87,2015-04-04 15:00:00,739,20.55281982,38.6438446
87.5,2015-04-04 15:30:00,492,20.34951172,39.59143066
88,2015-04-04 16:00:00,556,20.14620361,40.55739975
88.5,2015-04-04 16:30:00,301,19.67870483,43.56924438
89,2015-04-04 17:00:00,136,19.21117554,46.72869492
89.5,2015-04-04 17:30:00,157,18.48885498,52.4518013
90,2015-04-04 18:00:00,83,17.76650391,58.62010193
90.5,2015-04-04 18:30:00,22,17.37017212,61.66704178
91,2015-04-04 19:00:00,0,16.97384033,64.83561707
91.5,2015-04-04 19:30:00,0,16.74550781,66.38612366
92,2015-04-04 20:00:00,0,16.51720581,67.97001648
92.5,2015-04-04 20:30:00,0,16.3774353,68.71489716
93,2015-04-04 21:00:00,0,16.23763428,69.46846008
93.5,2015-04-04 21:30:00,0,16.13677368,69.48188782
94,2015-04-04 22:00:00,0,16.03588257,69.49342346
94.5,2015-04-04 22:30:00,0,15.91442261,69.80210876
95,2015-04-04 23:00:00,0,15.79293213,70.11215973
95.5,2015-04-04 23:30:00,0,15.65911255,70.93434906
96,2015-04-05 00:00:00,0,15.52526245,71.76608276
96.5,2015-04-05 00:30:00,0,15.36455688,72.93737793
97,2015-04-05 01:00:00,0,15.2038208,74.12593842
97.5,2015-04-05 01:30:00,0,15.05858765,75.58665466
98,2015-04-05 02:00:00,0,14.91332397,77.06856537
98.5,2015-04-05 02:30:00,0,14.7729126,78.78587341
99,2015-04-05 03:00:00,0,14.63250122,80.52852631
99.5,2015-04-05 03:30:00,0,14.47295532,82.25605011
100,2015-04-05 04:00:00,0,14.31343994,84.0114975
100.5,2015-04-05 04:30:00,0,14.15297852,85.89607239
101,2015-04-05 05:00:00,0,13.99251709,87.81228638
101.5,2015-04-05 05:30:00,0,13.92241821,89.32746887
102,2015-04-05 06:00:00,0,13.85234985,90.85536957
102.5,2015-04-05 06:30:00,1,14.2914978,89.75836945
103,2015-04-05 07:00:00,7,14.73064575,88.66043854
103.5,2015-04-05 07:30:00,24,15.51531372,86.71707916
104,2015-04-05 08:00:00,39,16.30001221,84.77812195
104.5,2015-04-05 08:30:00,101,16.9659668,84.12408447
105,2015-04-05 09:00:00,80,17.6319519,83.39945984
105.5,2015-04-05 09:30:00,179,18.13125,82.86366272
106,2015-04-05 10:00:00,220,18.63057861,82.29194641
106.5,2015-04-05 10:30:00,283,19.15300903,81.38043976
107,2015-04-05 11:00:00,273,19.67546997,80.45295715
107.5,2015-04-05 11:30:00,204,20.42800293,79.22734833
108,2015-04-05 12:00:00,210,21.18056641,77.96792603
108.5,2015-04-05 12:30:00,212,21.66970215,77.30309296
109,2015-04-05 13:00:00,199,22.15883789,76.6185379
109.5,2015-04-05 13:30:00,127,22.40700684,76.40435791
110,2015-04-05 14:00:00,142,22.6552063,76.18071747
110.5,2015-04-05 14:30:00,174,22.58721313,76.82950592
111,2015-04-05 15:00:00,123,22.51921997,77.48226166
111.5,2015-04-05 15:30:00,144,22.16033325,79.07193756
112,2015-04-05 16:00:00,67,21.80144653,80.69892883
112.5,2015-04-05 16:30:00,167,21.11812744,83.68008423
113,2015-04-05 17:00:00,142,20.43483887,86.78784943
113.5,2015-04-05 17:30:00,178,19.72716675,90.43119812
114,2015-04-05 18:00:00,95,19.01949463,94.24961853
114.5,2015-04-05 18:30:00,26,18.55440674,97.01524353
115,2015-04-05 19:00:00,0,18.08931885,99.87249756
115.5,2015-04-05 19:30:00,0,17.83287964,100
116,2015-04-05 20:00:00,0,17.57644043,100
116.5,2015-04-05 20:30:00,0,17.64089355,100
117,2015-04-05 21:00:00,0,17.70534668,100
117.5,2015-04-05 21:30:00,0,17.8116394,100
118,2015-04-05 22:00:00,0,17.91793213,100
118.5,2015-04-05 22:30:00,0,18.02550659,100
119,2015-04-05 23:00:00,0,18.13308105,100
119.5,2015-04-05 23:30:00,0,18.25570068,100
120,2015-04-06 00:00:00,0,18.37832031,100
120.5,2015-04-06 00:30:00,0,18.45238647,100
121,2015-04-06 01:00:00,0,18.52648315,100
121.5,2015-04-06 01:30:00,0,18.53023682,100
122,2015-04-06 02:00:00,0,18.53399048,100
122.5,2015-04-06 02:30:00,0,18.54873047,100
123,2015-04-06 03:00:00,0,18.56347046,100
123.5,2015-04-06 03:30:00,0,18.53478394,100
124,2015-04-06 04:00:00,0,18.50609741,100
124.5,2015-04-06 04:30:00,0,18.4782959,100
125,2015-04-06 05:00:00,0,18.4505249,100
125.5,2015-04-06 05:30:00,0,18.48092041,100
126,2015-04-06 06:00:00,0,18.51131592,100
126.5,2015-04-06 06:30:00,10,18.84032593,100
127,2015-04-06 07:00:00,42,19.16930542,100
127.5,2015-04-06 07:30:00,57,19.71813354,98.55426788
128,2015-04-06 08:00:00,289,20.26693115,97.025177
128.5,2015-04-06 08:30:00,366,21.06008301,93.54154205
129,2015-04-06 09:00:00,536,21.85323486,90.19740295
129.5,2015-04-06 09:30:00,633,22.81582031,85.54152679
130,2015-04-06 10:00:00,571,23.77840576,81.15848541
130.5,2015-04-06 10:30:00,795,25.11034546,74.15026093
131,2015-04-06 11:00:00,855,26.44225464,67.79399872
131.5,2015-04-06 11:30:00,800,27.02245483,64.77101898
132,2015-04-06 12:00:00,846,27.60265503,61.88414001
132.5,2015-04-06 12:30:00,782,27.31582031,63.51024628
133,2015-04-06 13:00:00,837,27.02901611,65.17584229
133.5,2015-04-06 13:30:00,905,26.70552979,66.83708191
134,2015-04-06 14:00:00,863,26.38204346,68.54106903
134.5,2015-04-06 14:30:00,805,25.80330811,71.6375351
135,2015-04-06 15:00:00,668,25.22457275,74.87775421
135.5,2015-04-06 15:30:00,647,25.01998291,77.30278015
136,2015-04-06 16:00:00,551,24.81539307,79.77832031
136.5,2015-04-06 16:30:00,447,24.41799316,80.86962891
137,2015-04-06 17:00:00,338,24.02056274,81.97360992
137.5,2015-04-06 17:30:00,228,23.5680481,83.82155609
138,2015-04-06 18:00:00,122,23.11556396,85.71723938
138.5,2015-04-06 18:30:00,35,22.79067383,86.99637604
139,2015-04-06 19:00:00,0,22.46581421,88.29682159
139.5,2015-04-06 19:30:00,0,22.1960083,89.28391266
140,2015-04-06 20:00:00,0,21.92617188,90.2828064
140.5,2015-04-06 20:30:00,0,21.64467773,91.27783966
141,2015-04-06 21:00:00,0,21.36321411,92.28342438
141.5,2015-04-06 21:30:00,0,21.10759888,93.19521332
142,2015-04-06 22:00:00,0,20.85198364,94.11569214
142.5,2015-04-06 22:30:00,0,20.60714111,95.10303497
143,2015-04-06 23:00:00,0,20.3623291,96.10103607
143.5,2015-04-06 23:30:00,0,20.12600098,97.35314178
144,2015-04-07 00:00:00,0,19.88967285,98.62395477
144.5,2015-04-07 00:30:00,0,19.77300415,99.22975159
145,2015-04-07 01:00:00,0,19.65633545,99.83987427
145.5,2015-04-07 01:30:00,0,19.6088501,99.91491699
146,2015-04-07 02:00:00,0,19.56136475,99.98969269
146.5,2015-04-07 02:30:00,0,19.54384766,99.87445068
147,2015-04-07 03:00:00,0,19.52630005,99.75901794
147.5,2015-04-07 03:30:00,0,19.47512207,99.85135651
148,2015-04-07 04:00:00,0,19.42397461,99.94325256
148.5,2015-04-07 04:30:00,0,19.36013184,100
149,2015-04-07 05:00:00,0,19.29625854,100
149.5,2015-04-07 05:30:00,0,19.30803833,99.92156982
150,2015-04-07 06:00:00,0,19.31981812,99.71814728
150.5,2015-04-07 06:30:00,28,19.63045654,98.28048706
151,2015-04-07 07:00:00,113,19.94106445,96.86627197
151.5,2015-04-07 07:30:00,218,20.62069092,93.12476349
152,2015-04-07 08:00:00,212,21.30028687,89.54709625
152.5,2015-04-07 08:30:00,322,22.55675659,84.00087738
153,2015-04-07 09:00:00,260,23.81322632,78.84464264
153.5,2015-04-07 09:30:00,306,24.78112183,74.38101959
154,2015-04-07 10:00:00,483,25.74901733,70.1997757
154.5,2015-04-07 10:30:00,802,26.23052368,68.47919464
155,2015-04-07 11:00:00,861,26.71199951,66.80686188
155.5,2015-04-07 11:30:00,904,26.6166626,67.38114929
156,2015-04-07 12:00:00,710,26.52129517,67.96005249
156.5,2015-04-07 12:30:00,568,26.39263306,68.75254059
157,2015-04-07 13:00:00,339,26.26397095,69.55354309
157.5,2015-04-07 13:30:00,518,26.11046753,70.84423065
158,2015-04-07 14:00:00,494,25.95699463,72.15318298
158.5,2015-04-07 14:30:00,549,25.83672485,73.25610352
159,2015-04-07 15:00:00,500,25.7164856,74.37129974
159.5,2015-04-07 15:30:00,650,25.57625732,77.61275482
160,2015-04-07 16:00:00,555,25.43605957,80.90650177
160.5,2015-04-07 16:30:00,451,25.06643066,82.3033371
161,2015-04-07 17:00:00,341,24.69677124,83.72770691
161.5,2015-04-07 17:30:00,231,24.17321167,85.59742737
162,2015-04-07 18:00:00,125,23.64962158,87.51342773
162.5,2015-04-07 18:30:00,36,23.24962769,89.36978912
163,2015-04-07 19:00:00,0,22.84960327,91.27166748
163.5,2015-04-07 19:30:00,0,22.54732666,92.7489624
164,2015-04-07 20:00:00,0,22.24505005,94.25356293
164.5,2015-04-07 20:30:00,0,21.94716797,95.66374969
165,2015-04-07 21:00:00,0,21.64925537,97.09805298
165.5,2015-04-07 21:30:00,0,21.33699951,98.36981964
166,2015-04-07 22:00:00,0,21.02474365,99.65925598
166.5,2015-04-07 22:30:00,0,20.76064453,100
167,2015-04-07 23:00:00,0,20.49657593,100
167.5,2015-04-07 23:30:00,0,20.3383728,100
168,2015-04-08 00:00:00,0,20.18016968,100
168.5,2015-04-08 00:30:00,0,20.12029419,100
169,2015-04-08 01:00:00,0,20.0604187,100
169.5,2015-04-08 01:30:00,0,19.98739014,100
170,2015-04-08 02:00:00,0,19.91436157,100
170.5,2015-04-08 02:30:00,0,19.82915649,99.88079071
171,2015-04-08 03:00:00,0,19.74398193,99.72935486
171.5,2015-04-08 03:30:00,0,19.6847168,99.54628754
172,2015-04-08 04:00:00,0,19.62542114,99.36097717
172.5,2015-04-08 04:30:00,0,19.5831543,99.4082489
173,2015-04-08 05:00:00,0,19.54088745,99.45509338
173.5,2015-04-08 05:30:00,0,19.60131226,98.820755
174,2015-04-08 06:00:00,0,19.66170654,98.19013977
174.5,2015-04-08 06:30:00,8,20.07473145,96.74766541
175,2015-04-08 07:00:00,30,20.48772583,95.32409668
175.5,2015-04-08 07:30:00,60,21.22155151,92.59781647
176,2015-04-08 08:00:00,89,21.95540771,89.950737
176.5,2015-04-08 08:30:00,194,22.91762695,85.30648041
177,2015-04-08 09:00:00,194,23.87984619,80.93441772
177.5,2015-04-08 09:30:00,174,24.82592163,77.21621704
178,2015-04-08 10:00:00,193,25.77196655,73.69245911
178.5,2015-04-08 10:30:00,335,25.85253296,73.84840393
179,2015-04-08 11:00:00,86,25.93309937,74.00118256
179.5,2015-04-08 11:30:00,189,25.74752197,76.08721161
180,2015-04-08 12:00:00,145,25.5619751,78.21109772
180.5,2015-04-08 12:30:00,243,25.51589355,79.94068146
181,2015-04-08 13:00:00,309,25.46981201,81.67899323
181.5,2015-04-08 13:30:00,179,25.36480103,83.64702606
182,2015-04-08 14:00:00,214,25.25975952,85.63706207
182.5,2015-04-08 14:30:00,278,25.04592285,87.35276794
183,2015-04-08 15:00:00,247,24.83208618,89.10009766
183.5,2015-04-08 15:30:00,282,24.5331665,90.67323303
184,2015-04-08 16:00:00,134,24.23424683,92.2778244
184.5,2015-04-08 16:30:00,112,23.92177734,93.40302277
185,2015-04-08 17:00:00,155,23.60930786,94.54237366
185.5,2015-04-08 17:30:00,24,23.20009766,95.72103119
186,2015-04-08 18:00:00,13,22.79088745,96.90820313
186.5,2015-04-08 18:30:00,4,22.46022949,97.67539215
187,2015-04-08 19:00:00,0,22.12954102,98.43932343
187.5,2015-04-08 19:30:00,0,21.87633667,98.65470886
188,2015-04-08 20:00:00,0,21.62310181,98.85591125
188.5,2015-04-08 20:30:00,0,21.40978394,98.94294739
189,2015-04-08 21:00:00,0,21.19643555,99.01741791
189.5,2015-04-08 21:30:00,0,21.06154785,99.02552795
190,2015-04-08 22:00:00,0,20.92666016,99.02813721
190.5,2015-04-08 22:30:00,0,20.83062134,99.19805908
191,2015-04-08 23:00:00,0,20.734552,99.36729431
191.5,2015-04-08 23:30:00,0,20.67836914,99.55955505
192,2015-04-09 00:00:00,0,20.62215576,99.75225067
192.5,2015-04-09 00:30:00,0,20.57283936,99.72711945
193,2015-04-09 01:00:00,0,20.52349243,99.70133209
193.5,2015-04-09 01:30:00,0,20.49373779,99.65225983
194,2015-04-09 02:00:00,0,20.46395264,99.60301208
194.5,2015-04-09 02:30:00,0,20.42107544,99.69229889
195,2015-04-09 03:00:00,0,20.37819824,99.7815094
195.5,2015-04-09 03:30:00,0,20.33693848,99.91709137
196,2015-04-09 04:00:00,0,20.29567871,100
196.5,2015-04-09 04:30:00,0,20.2652832,100
197,2015-04-09 05:00:00,0,20.2348877,100
197.5,2015-04-09 05:30:00,0,20.2746521,100
198,2015-04-09 06:00:00,0,20.31438599,100
198.5,2015-04-09 06:30:00,15,20.75844727,99.38499451
199,2015-04-09 07:00:00,55,21.20250854,98.44293213
199.5,2015-04-09 07:30:00,104,21.85576782,95.61300659
200,2015-04-09 08:00:00,197,22.50905762,92.87274933
200.5,2015-04-09 08:30:00,213,23.28603516,90.27240753
201,2015-04-09 09:00:00,203,24.06304321,87.74126434
201.5,2015-04-09 09:30:00,166,24.98012695,84.51119995
202,2015-04-09 10:00:00,189,25.89721069,81.40810394
202.5,2015-04-09 10:30:00,649,26.09508667,80.67308807
203,2015-04-09 11:00:00,654,26.29296265,79.94550323
203.5,2015-04-09 11:30:00,785,26.35500488,80.31607056
204,2015-04-09 12:00:00,503,26.41707764,80.68299866
204.5,2015-04-09 12:30:00,693,26.58989868,80.80186462
205,2015-04-09 13:00:00,514,26.76271973,80.91133881
205.5,2015-04-09 13:30:00,152,26.76946411,81.37077332
206,2015-04-09 14:00:00,675,26.77617798,81.82997131
206.5,2015-04-09 14:30:00,541,26.86721191,82.52580261
207,2015-04-09 15:00:00,515,26.95821533,83.21251678
207.5,2015-04-09 15:30:00,393,26.79476318,84.94818115
208,2015-04-09 16:00:00,364,26.63128052,86.71105957
208.5,2015-04-09 16:30:00,327,26.37587891,89.58677673
209,2015-04-09 17:00:00,180,26.12044678,92.53400421
209.5,2015-04-09 17:30:00,236,25.41494141,95.3887558
210,2015-04-09 18:00:00,129,24.70940552,98.34120941
210.5,2015-04-09 18:30:00,39,24.10289917,100
211,2015-04-09 19:00:00,0,23.4963623,100
211.5,2015-04-09 19:30:00,0,23.18526611,100
212,2015-04-09 20:00:00,0,22.8741394,100
212.5,2015-04-09 20:30:00,0,22.52819214,100
213,2015-04-09 21:00:00,0,22.18227539,100
213.5,2015-04-09 21:30:00,0,22.13189087,100
214,2015-04-09 22:00:00,0,22.08153687,100
214.5,2015-04-09 22:30:00,0,22.00322876,100
215,2015-04-09 23:00:00,0,21.92492065,100
215.5,2015-04-09 23:30:00,0,21.51497803,100
216,2015-04-10 00:00:00,0,21.1050354,100
216.5,2015-04-10 00:30:00,0,20.36171875,100
217,2015-04-10 01:00:00,0,19.6184021,100
217.5,2015-04-10 01:30:00,0,18.65953979,100
218,2015-04-10 02:00:00,0,17.70064697,100
218.5,2015-04-10 02:30:00,0,16.55925903,100
219,2015-04-10 03:00:00,0,15.41784058,98.8741684
219.5,2015-04-10 03:30:00,0,14.61602173,95.32518768
220,2015-04-10 04:00:00,0,13.81417236,91.1674118
220.5,2015-04-10 04:30:00,0,13.40783081,89.25432587
221,2015-04-10 05:00:00,0,13.00148926,87.18216705
221.5,2015-04-10 05:30:00,0,12.84075317,86.33203125
222,2015-04-10 06:00:00,0,12.67998657,85.45457458
222.5,2015-04-10 06:30:00,5,12.85915527,84.61784363
223,2015-04-10 07:00:00,18,13.03829346,83.79070282
223.5,2015-04-10 07:30:00,28,13.57012329,81.16684723
224,2015-04-10 08:00:00,47,14.10195313,78.63611603
224.5,2015-04-10 08:30:00,72,14.85418091,74.391716
225,2015-04-10 09:00:00,100,15.60643921,70.3926239
225.5,2015-04-10 09:30:00,158,16.69991455,65.18486786
226,2015-04-10 10:00:00,242,17.79338989,60.39481354
226.5,2015-04-10 10:30:00,350,19.02944336,56.12023926
227,2015-04-10 11:00:00,324,20.26549683,52.18584061
227.5,2015-04-10 11:30:00,415,21.37450562,49.27715683
228,2015-04-10 12:00:00,706,22.4835144,46.55198288
228.5,2015-04-10 12:30:00,679,23.06942139,46.00204086
229,2015-04-10 13:00:00,750,23.65535889,45.44073486
229.5,2015-04-10 13:30:00,837,23.88582764,45.6799469
230,2015-04-10 14:00:00,802,24.1163269,45.90444565
230.5,2015-04-10 14:30:00,750,23.8689209,46.74300385
231,2015-04-10 15:00:00,709,23.62154541,47.59750366
231.5,2015-04-10 15:30:00,672,22.86824951,49.47968292
232,2015-04-10 16:00:00,519,22.11495361,51.44773865
232.5,2015-04-10 16:30:00,456,21.39421997,54.15574265
233,2015-04-10 17:00:00,348,20.67345581,57.01737213
233.5,2015-04-10 17:30:00,215,19.50402222,62.34695816
234,2015-04-10 18:00:00,119,18.33458862,68.20059967
234.5,2015-04-10 18:30:00,37,17.47799072,72.66503906
235,2015-04-10 19:00:00,0,16.62139282,77.44281006
235.5,2015-04-10 19:30:00,0,16.15065918,79.40391541
236,2015-04-10 20:00:00,0,15.67992554,81.42153931
236.5,2015-04-10 20:30:00,0,15.32973633,82.84870148
237,2015-04-10 21:00:00,0,14.9795166,84.30401611
237.5,2015-04-10 21:30:00,0,14.71148071,85.40603638
238,2015-04-10 22:00:00,0,14.44347534,86.52381134
238.5,2015-04-10 22:30:00,0,14.21431885,87.40531158
239,2015-04-10 23:00:00,0,13.98516235,88.29645538
239.5,2015-04-10 23:30:00,0,13.79259644,88.91804504
240,2015-04-11 00:00:00,0,13.60003052,89.54316711
240.5,2015-04-11 00:30:00,0,13.38820801,90.11987305
241,2015-04-11 01:00:00,0,13.17641602,90.69760132
241.5,2015-04-11 01:30:00,0,13.04311523,91.20599365
242,2015-04-11 02:00:00,0,12.90981445,91.71737671
242.5,2015-04-11 02:30:00,0,12.84871826,92.33609772
243,2015-04-11 03:00:00,0,12.78759155,92.95870209
243.5,2015-04-11 03:30:00,0,12.78197632,93.1539917
244,2015-04-11 04:00:00,0,12.77633057,93.34957886
244.5,2015-04-11 04:30:00,0,12.79229126,93.27435303
245,2015-04-11 05:00:00,0,12.80822144,93.1993866
245.5,2015-04-11 05:30:00,0,12.95205078,92.68091583
246,2015-04-11 06:00:00,0,13.09584961,92.16532898
246.5,2015-04-11 06:30:00,3,13.48446045,90.7674942
247,2015-04-11 07:00:00,11,13.87310181,89.38921356
247.5,2015-04-11 07:30:00,17,14.62481079,87.19859314
248,2015-04-11 08:00:00,39,15.37651978,85.0408783
248.5,2015-04-11 08:30:00,98,16.244104,83.25145721
249,2015-04-11 09:00:00,224,17.11168823,81.44109344
249.5,2015-04-11 09:30:00,300,18.26262817,80.18418884
250,2015-04-11 10:00:00,339,19.41356812,78.76179504
250.5,2015-04-11 10:30:00,372,20.72332153,76.94068146
251,2015-04-11 11:00:00,616,22.03310547,74.99054718
251.5,2015-04-11 11:30:00,645,22.99892578,72.53549957
252,2015-04-11 12:00:00,616,23.96474609,70.1469574
252.5,2015-04-11 12:30:00,512,24.6401001,68.60227203
253,2015-04-11 13:00:00,507,25.31542358,67.08345032
253.5,2015-04-11 13:30:00,234,24.85701904,68.8214035
254,2015-04-11 14:00:00,383,24.3986145,70.61096191
254.5,2015-04-11 14:30:00,338,23.87038574,72.51708984
255,2015-04-11 15:00:00,355,23.3421875,74.48242188
255.5,2015-04-11 15:30:00,414,22.98574219,75.96044159
256,2015-04-11 16:00:00,307,22.62932739,77.47193909
256.5,2015-04-11 16:30:00,179,22.19381104,79.82529449
257,2015-04-11 17:00:00,170,21.7583252,82.2562027
257.5,2015-04-11 17:30:00,84,21.21853027,85.30670166
258,2015-04-11 18:00:00,46,20.67876587,88.48120117
258.5,2015-04-11 18:30:00,14,20.27950439,90.53081512
259,2015-04-11 19:00:00,0,19.88027344,92.63445282
259.5,2015-04-11 19:30:00,0,19.63344727,94.17661285
260,2015-04-11 20:00:00,0,19.38665161,95.74690247
260.5,2015-04-11 20:30:00,0,19.19307861,97.2029953
261,2015-04-11 21:00:00,0,18.99953613,98.68198395
261.5,2015-04-11 21:30:00,0,18.84713135,100
262,2015-04-11 22:00:00,0,18.69475708,100
262.5,2015-04-11 22:30:00,0,18.54714355,100
263,2015-04-11 23:00:00,0,18.39949951,100
263.5,2015-04-11 23:30:00,0,18.29586182,100
264,2015-04-12 00:00:00,0,18.19222412,100
264.5,2015-04-12 00:30:00,0,18.18016968,100
265,2015-04-12 01:00:00,0,18.16814575,100
265.5,2015-04-12 01:30:00,0,18.12050781,100
266,2015-04-12 02:00:00,0,18.07286987,100
266.5,2015-04-12 02:30:00,0,18.02407227,100
267,2015-04-12 03:00:00,0,17.97530518,100
267.5,2015-04-12 03:30:00,0,17.9359375,100
268,2015-04-12 04:00:00,0,17.89656982,100
268.5,2015-04-12 04:30:00,0,17.86004028,100
269,2015-04-12 05:00:00,0,17.82348022,100
269.5,2015-04-12 05:30:00,0,17.90459595,100
270,2015-04-12 06:00:00,0,17.98571167,100
270.5,2015-04-12 06:30:00,40,18.43236694,99.23013306
271,2015-04-12 07:00:00,127,18.87902222,97.66176605
271.5,2015-04-12 07:30:00,232,19.652948,95.06622314
272,2015-04-12 08:00:00,70,20.4269043,92.5271225
272.5,2015-04-12 08:30:00,125,21.58977661,88.31922913
273,2015-04-12 09:00:00,105,22.75264893,84.30770874
273.5,2015-04-12 09:30:00,123,23.65938721,81.86952209
274,2015-04-12 10:00:00,76,24.56609497,79.48251343
274.5,2015-04-12 10:30:00,191,24.72719727,79.57691193
275,2015-04-12 11:00:00,257,24.88829956,79.66265869
275.5,2015-04-12 11:30:00,548,24.91634521,80.17301178
276,2015-04-12 12:00:00,368,24.94439087,80.68096161
276.5,2015-04-12 12:30:00,208,24.81499634,81.68078613
277,2015-04-12 13:00:00,128,24.68563232,82.69153595
277.5,2015-04-12 13:30:00,257,24.54866943,83.33896637
278,2015-04-12 14:00:00,210,24.41173706,83.99205017
278.5,2015-04-12 14:30:00,359,24.25246582,84.78242493
279,2015-04-12 15:00:00,226,24.09316406,85.58135986
279.5,2015-04-12 15:30:00,591,23.96923218,86.88519287
280,2015-04-12 16:00:00,556,23.84526978,88.20452118
280.5,2015-04-12 16:30:00,202,23.58931885,89.74423218
281,2015-04-12 17:00:00,212,23.3333374,91.31340027
281.5,2015-04-12 17:30:00,145,22.92675171,93.12523651
282,2015-04-12 18:00:00,80,22.52016602,94.97814941
282.5,2015-04-12 18:30:00,26,22.24041138,96.15122986
283,2015-04-12 19:00:00,0,21.96065674,97.34010315
283.5,2015-04-12 19:30:00,0,21.79155884,97.88769531
284,2015-04-12 20:00:00,0,21.62243042,98.43756866
284.5,2015-04-12 20:30:00,0,21.43755493,99.03364563
285,2015-04-12 21:00:00,0,21.25267944,99.6320343
285.5,2015-04-12 21:30:00,0,21.07119141,100
286,2015-04-12 22:00:00,0,20.88967285,100
286.5,2015-04-12 22:30:00,0,20.72588501,100
287,2015-04-12 23:00:00,0,20.56206665,100
287.5,2015-04-12 23:30:00,0,20.42022095,100
288,2015-04-13 00:00:00,0,20.27837524,100
288.5,2015-04-13 00:30:00,0,20.1630188,100
289,2015-04-13 01:00:00,0,20.04763184,100
289.5,2015-04-13 01:30:00,0,19.97991333,100
290,2015-04-13 02:00:00,0,19.91216431,100
290.5,2015-04-13 02:30:00,0,19.79921875,100
291,2015-04-13 03:00:00,0,19.68627319,100
291.5,2015-04-13 03:30:00,0,19.53563843,100
292,2015-04-13 04:00:00,0,19.38497314,100
292.5,2015-04-13 04:30:00,0,19.20995483,100
293,2015-04-13 05:00:00,0,19.03493652,100
293.5,2015-04-13 05:30:00,0,19.06862793,100
294,2015-04-13 06:00:00,0,19.10231934,100
294.5,2015-04-13 06:30:00,16,19.30217896,100
295,2015-04-13 07:00:00,50,19.50203857,100
295.5,2015-04-13 07:30:00,150,19.90355835,100
296,2015-04-13 08:00:00,219,20.30507813,99.15130615
296.5,2015-04-13 08:30:00,311,20.93435059,96.28122711
297,2015-04-13 09:00:00,361,21.56365356,93.50421143
297.5,2015-04-13 09:30:00,504,22.53496704,90.74953461
298,2015-04-13 10:00:00,554,23.50625,88.04520416
298.5,2015-04-13 10:30:00,665,24.40487061,83.11712646
299,2015-04-13 11:00:00,890,25.30349121,78.49271393
299.5,2015-04-13 11:30:00,932,26.01381836,73.72968292
300,2015-04-13 12:00:00,958,26.72417603,69.24320221
300.5,2015-04-13 12:30:00,966,27.11245117,66.04841614
301,2015-04-13 13:00:00,956,27.50072632,62.96857452
301.5,2015-04-13 13:30:00,929,27.68914185,61.24337769
302,2015-04-13 14:00:00,885,27.87758789,59.55030441
302.5,2015-04-13 14:30:00,827,27.78002319,58.89399719
303,2015-04-13 15:00:00,754,27.6824585,58.22959518
303.5,2015-04-13 15:30:00,668,27.42522583,58.14794159
304,2015-04-13 16:00:00,572,27.16796265,58.05276108
304.5,2015-04-13 16:30:00,467,26.71660767,60.51179123
305,2015-04-13 17:00:00,279,26.26525269,63.06726837
305.5,2015-04-13 17:30:00,134,25.14031372,67.57143402
306,2015-04-13 18:00:00,75,24.01537476,72.43815613
306.5,2015-04-13 18:30:00,46,23.20635376,73.64353943
307,2015-04-13 19:00:00,0,22.39736328,74.81222534
307.5,2015-04-13 19:30:00,0,21.93209229,76.41474152
308,2015-04-13 20:00:00,0,21.46682129,78.05519104
308.5,2015-04-13 20:30:00,0,20.97927246,79.94194031
309,2015-04-13 21:00:00,0,20.49169312,81.88041687
309.5,2015-04-13 21:30:00,0,19.95702515,84.37084961
310,2015-04-13 22:00:00,0,19.42235718,86.94805145
310.5,2015-04-13 22:30:00,0,18.87960205,89.53420258
311,2015-04-13 23:00:00,0,18.33687744,92.20841217
311.5,2015-04-13 23:30:00,0,17.87301025,95.00387573
312,2015-04-14 00:00:00,0,17.40914307,97.8943634
312.5,2015-04-14 00:30:00,0,16.97014771,100
313,2015-04-14 01:00:00,0,16.53118286,100
313.5,2015-04-14 01:30:00,0,16.46328125,100
314,2015-04-14 02:00:00,0,16.39541016,100
314.5,2015-04-14 02:30:00,0,16.40004883,100
315,2015-04-14 03:00:00,0,16.40471802,99.04824829
315.5,2015-04-14 03:30:00,0,16.38347778,98.52468109
316,2015-04-14 04:00:00,0,16.36223755,97.99945831
316.5,2015-04-14 04:30:00,0,16.35979614,97.39852905
317,2015-04-14 05:00:00,0,16.35738525,96.79651642
317.5,2015-04-14 05:30:00,0,16.31646118,96.21633911
318,2015-04-14 06:00:00,0,16.27553711,95.6319046
318.5,2015-04-14 06:30:00,7,16.40587769,93.68302155
319,2015-04-14 07:00:00,22,16.53618774,91.7598114
319.5,2015-04-14 07:30:00,61,16.7802063,89.14213562
320,2015-04-14 08:00:00,142,17.02425537,86.58489227
320.5,2015-04-14 08:30:00,306,17.49343262,83.12928009
321,2015-04-14 09:00:00,371,17.96260986,79.81020355
321.5,2015-04-14 09:30:00,467,18.76424561,75.5708313
322,2015-04-14 10:00:00,456,19.56591187,71.5772934
322.5,2015-04-14 10:30:00,590,20.52642212,67.06954193
323,2015-04-14 11:00:00,696,21.48693237,62.87136841
323.5,2015-04-14 11:30:00,726,22.37038574,59.64224243
324,2015-04-14 12:00:00,787,23.25380859,56.59941864
324.5,2015-04-14 12:30:00,795,23.78118286,55.1905098
325,2015-04-14 13:00:00,720,24.30852661,53.82106781
325.5,2015-04-14 13:30:00,700,24.50585327,53.38556671
326,2015-04-14 14:00:00,892,24.70317993,52.95376205
326.5,2015-04-14 14:30:00,599,24.5414978,52.92376709
327,2015-04-14 15:00:00,458,24.37978516,52.88936996
327.5,2015-04-14 15:30:00,406,23.94735107,53.20431519
328,2015-04-14 16:00:00,577,23.51491699,53.50522995
328.5,2015-04-14 16:30:00,472,22.79790649,54.7215271
329,2015-04-14 17:00:00,257,22.08092651,55.955513
329.5,2015-04-14 17:30:00,181,21.01043091,62.23306656
330,2015-04-14 18:00:00,142,19.93990479,69.14214325
330.5,2015-04-14 18:30:00,48,19.11617432,71.11693573
331,2015-04-14 19:00:00,0,18.29241333,73.13433075
331.5,2015-04-14 19:30:00,0,17.84435425,75.84515381
332,2015-04-14 20:00:00,0,17.39629517,78.65914917
332.5,2015-04-14 20:30:00,0,16.92998657,81.42261505
333,2015-04-14 21:00:00,0,16.46364746,84.2904892
333.5,2015-04-14 21:30:00,0,16.03545532,83.41700745
334,2015-04-14 22:00:00,0,15.60723267,82.43977356
334.5,2015-04-14 22:30:00,0,15.22609863,82.38632965
335,2015-04-14 23:00:00,0,14.84499512,82.28688049
335.5,2015-04-14 23:30:00,0,14.4576355,80.81272125
336,2015-04-15 00:00:00,0,14.0703064,79.22010803
336.5,2015-04-15 00:30:00,0,13.6859375,79.63209534
337,2015-04-15 01:00:00,0,13.30159912,80.02087402
337.5,2015-04-15 01:30:00,0,12.97332153,80.78462219
338,2015-04-15 02:00:00,0,12.64501343,81.54914856
338.5,2015-04-15 02:30:00,0,12.41005859,81.54045105
339,2015-04-15 03:00:00,0,12.17510376,81.51526642
339.5,2015-04-15 03:30:00,0,11.9692627,81.85330963
340,2015-04-15 04:00:00,0,11.76345215,82.18756104
340.5,2015-04-15 04:30:00,0,11.59090576,82.53712463
341,2015-04-15 05:00:00,0,11.41838989,82.88514709
341.5,2015-04-15 05:30:00,0,11.82589111,83.03081512
342,2015-04-15 06:00:00,0,12.23336182,83.11986542
342.5,2015-04-15 06:30:00,51,13.56600342,76.29891968
343,2015-04-15 07:00:00,147,14.89864502,70.10171509
343.5,2015-04-15 07:30:00,257,16.8434082,63.04578781
344,2015-04-15 08:00:00,370,18.78817139,56.78933334
344.5,2015-04-15 08:30:00,483,20.31542358,53.76271439
345,2015-04-15 09:00:00,589,21.84267578,50.87815094
345.5,2015-04-15 09:30:00,687,22.89394531,49.75065613
346,2015-04-15 10:00:00,773,23.94518433,48.59479523
346.5,2015-04-15 10:30:00,846,24.75380859,48.08958817
347,2015-04-15 11:00:00,904,25.56243286,47.53806686
347.5,2015-04-15 11:30:00,947,26.17095337,47.42910767
348,2015-04-15 12:00:00,972,26.77950439,47.27634048
348.5,2015-04-15 12:30:00,980,27.10976563,47.42547607
349,2015-04-15 13:00:00,971,27.44005737,47.55305481
349.5,2015-04-15 13:30:00,944,27.48156128,48.029953
350,2015-04-15 14:00:00,900,27.52303467,48.50400162
350.5,2015-04-15 14:30:00,840,27.22130737,49.24705887
351,2015-04-15 15:00:00,765,26.91958008,50.00330734
351.5,2015-04-15 15:30:00,678,26.2312561,51.54154968
352,2015-04-15 16:00:00,580,25.54293213,53.13315964
352.5,2015-04-15 16:30:00,473,24.80144653,56.80162811
353,2015-04-15 17:00:00,362,24.05999146,60.7083931
353.5,2015-04-15 17:30:00,249,23.17141113,65.32652283
354,2015-04-15 18:00:00,141,22.28283081,70.29524231
354.5,2015-04-15 18:30:00,49,21.70559082,73.63075256
355,2015-04-15 19:00:00,0,21.12835083,77.12726593
355.5,2015-04-15 19:30:00,0,20.82244263,79.57540131
356,2015-04-15 20:00:00,0,20.51650391,82.09320831
356.5,2015-04-15 20:30:00,0,20.25792847,84.43228912
357,2015-04-15 21:00:00,0,19.99935303,86.82883453
357.5,2015-04-15 21:30:00,0,19.74916992,89.50370789
358,2015-04-15 22:00:00,0,19.49898682,92.24456024
358.5,2015-04-15 22:30:00,0,19.23735962,95.38778687
359,2015-04-15 23:00:00,0,18.9757019,98.61342621
359.5,2015-04-15 23:30:00,0,18.70305786,100
360,2015-04-16 00:00:00,0,18.43044434,100
360.5,2015-04-16 00:30:00,0,18.2579895,100
361,2015-04-16 01:00:00,0,18.08556519,100
361.5,2015-04-16 01:30:00,0,18.20470581,100
362,2015-04-16 02:00:00,0,18.32387695,100
362.5,2015-04-16 02:30:00,0,18.38955078,100
363,2015-04-16 03:00:00,0,18.45525513,100
363.5,2015-04-16 03:30:00,0,18.35488281,100
364,2015-04-16 04:00:00,0,18.25454102,100
364.5,2015-04-16 04:30:00,0,18.1151062,100
365,2015-04-16 05:00:00,0,17.97564087,100
365.5,2015-04-16 05:30:00,0,17.98217163,100
366,2015-04-16 06:00:00,0,17.98867188,100
366.5,2015-04-16 06:30:00,35,18.35241089,99.20331573
367,2015-04-16 07:00:00,99,18.71611938,97.88037109
367.5,2015-04-16 07:30:00,250,19.53432617,95.54584503
368,2015-04-16 08:00:00,361,20.35256348,93.23510742
368.5,2015-04-16 08:30:00,320,21.57372437,87.94608307
369,2015-04-16 09:00:00,573,22.79488525,82.9941864
369.5,2015-04-16 09:30:00,668,23.67598877,79.354599
370,2015-04-16 10:00:00,753,24.55706177,75.89679718
370.5,2015-04-16 10:30:00,825,24.61379395,75.86548615
371,2015-04-16 11:00:00,882,24.67052612,75.83350372
371.5,2015-04-16 11:30:00,627,24.58724365,76.87760925
372,2015-04-16 12:00:00,738,24.50396118,77.93014526
372.5,2015-04-16 12:30:00,562,24.40819702,79.03410339
373,2015-04-16 13:00:00,475,24.31246338,80.1477356
373.5,2015-04-16 13:30:00,170,24.08574829,81.70658112
374,2015-04-16 14:00:00,199,23.8590332,83.29465485
374.5,2015-04-16 14:30:00,29,23.60772095,84.98887634
375,2015-04-16 15:00:00,403,23.35640869,86.71794891
375.5,2015-04-16 15:30:00,453,23.05187378,89.35643768
376,2015-04-16 16:00:00,60,22.74736938,92.06713104
376.5,2015-04-16 16:30:00,381,22.37194214,94.56697845
377,2015-04-16 17:00:00,260,21.99654541,97.13942719
377.5,2015-04-16 17:30:00,4,21.62612305,98.61785126
378,2015-04-16 18:00:00,28,21.25570068,100
378.5,2015-04-16 18:30:00,48,21.00542603,100
379,2015-04-16 19:00:00,0,20.75515137,100
379.5,2015-04-16 19:30:00,0,20.62813721,100
380,2015-04-16 20:00:00,0,20.50112305,100
380.5,2015-04-16 20:30:00,0,20.38985596,100
381,2015-04-16 21:00:00,0,20.27858887,100
381.5,2015-04-16 21:30:00,0,20.1864563,100
382,2015-04-16 22:00:00,0,20.09429321,100
382.5,2015-04-16 22:30:00,0,19.99376831,100
383,2015-04-16 23:00:00,0,19.89324341,100
383.5,2015-04-16 23:30:00,0,19.79543457,100
384,2015-04-17 00:00:00,0,19.69765625,100
384.5,2015-04-17 00:30:00,0,19.55797729,100
385,2015-04-17 01:00:00,0,19.41832886,100
385.5,2015-04-17 01:30:00,0,19.19841919,100
386,2015-04-17 02:00:00,0,18.97850952,100
386.5,2015-04-17 02:30:00,0,18.6692749,99.75791168
387,2015-04-17 03:00:00,0,18.3600708,99.29368591
387.5,2015-04-17 03:30:00,0,18.04647217,99.55348969
388,2015-04-17 04:00:00,0,17.73290405,99.79035187
388.5,2015-04-17 04:30:00,0,17.52739868,99.974823
389,2015-04-17 05:00:00,0,17.32189331,100
389.5,2015-04-17 05:30:00,0,17.23244629,100
390,2015-04-17 06:00:00,0,17.14299927,100
390.5,2015-04-17 06:30:00,55,17.45809326,98.91731262
391,2015-04-17 07:00:00,148,17.77318726,97.67741394
391.5,2015-04-17 07:30:00,256,18.63292847,96.20200348
392,2015-04-17 08:00:00,136,19.49266968,94.65176392
392.5,2015-04-17 08:30:00,176,20.49187622,92.34429932
393,2015-04-17 09:00:00,203,21.49111328,90.02075958
393.5,2015-04-17 09:30:00,204,22.26601563,87.56204987
394,2015-04-17 10:00:00,472,23.04091797,85.16351318
394.5,2015-04-17 10:30:00,431,23.33788452,83.36883545
395,2015-04-17 11:00:00,592,23.63485107,81.61451721
395.5,2015-04-17 11:30:00,449,23.86556396,80.92280579
396,2015-04-17 12:00:00,393,24.09627686,80.23628235
396.5,2015-04-17 12:30:00,369,24.25658569,79.91230774
397,2015-04-17 13:00:00,447,24.41692505,79.58789825
397.5,2015-04-17 13:30:00,496,24.27477417,80.29223633
398,2015-04-17 14:00:00,318,24.13259277,81.00370026
398.5,2015-04-17 14:30:00,210,23.80574951,82.42134857
399,2015-04-17 15:00:00,125,23.47887573,83.8677063
399.5,2015-04-17 15:30:00,96,23.0586792,85.56906128
400,2015-04-17 16:00:00,73,22.63848267,87.30966187
400.5,2015-04-17 16:30:00,56,22.11928711,89.58594513
401,2015-04-17 17:00:00,51,21.60006104,91.93024445
401.5,2015-04-17 17:30:00,36,21.08309326,93.63000488
402,2015-04-17 18:00:00,36,20.56612549,95.35644531
402.5,2015-04-17 18:30:00,12,20.21138916,96.46614838
403,2015-04-17 19:00:00,0,19.85665283,97.58422089
403.5,2015-04-17 19:30:00,0,19.66350708,98.37745667
404,2015-04-17 20:00:00,0,19.47039185,99.17730713
404.5,2015-04-17 20:30:00,0,19.30751953,99.77162933
405,2015-04-17 21:00:00,0,19.14467773,100
405.5,2015-04-17 21:30:00,0,18.98156128,100
406,2015-04-17 22:00:00,0,18.81841431,100
406.5,2015-04-17 22:30:00,0,18.72426758,100
407,2015-04-17 23:00:00,0,18.63012085,100
407.5,2015-04-17 23:30:00,0,18.58257446,100
408,2015-04-18 00:00:00,0,18.53499756,100
408.5,2015-04-18 00:30:00,0,18.45147095,100
409,2015-04-18 01:00:00,0,18.36794434,100
409.5,2015-04-18 01:30:00,0,18.28539429,100
410,2015-04-18 02:00:00,0,18.20284424,100
410.5,2015-04-18 02:30:00,0,18.13292847,100
411,2015-04-18 03:00:00,0,18.06298218,100
411.5,2015-04-18 03:30:00,0,17.97542725,100
412,2015-04-18 04:00:00,0,17.88787231,100
412.5,2015-04-18 04:30:00,0,17.78859863,100
413,2015-04-18 05:00:00,0,17.68929443,100
413.5,2015-04-18 05:30:00,0,17.65093384,100
414,2015-04-18 06:00:00,0,17.61260376,100
414.5,2015-04-18 06:30:00,57,17.89379272,100
415,2015-04-18 07:00:00,12,18.17501221,99.81246948
415.5,2015-04-18 07:30:00,18,18.89971313,96.97253418
416,2015-04-18 08:00:00,141,19.62441406,94.21389771
416.5,2015-04-18 08:30:00,104,20.91365967,88.7637558
417,2015-04-18 09:00:00,356,22.20287476,83.6639328
417.5,2015-04-18 09:30:00,392,22.87365112,79.01528931
418,2015-04-18 10:00:00,441,23.54442749,74.62057495
418.5,2015-04-18 10:30:00,551,23.90984497,72.04030609
419,2015-04-18 11:00:00,615,24.27523193,69.54235077
419.5,2015-04-18 11:30:00,611,24.34859619,68.74871063
420,2015-04-18 12:00:00,724,24.42196045,67.96140289
420.5,2015-04-18 12:30:00,779,24.23986206,68.3535614
421,2015-04-18 13:00:00,614,24.05773315,68.74759674
421.5,2015-04-18 13:30:00,779,23.74041138,70.13973236
422,2015-04-18 14:00:00,583,23.42312012,71.56314087
422.5,2015-04-18 14:30:00,830,23.13082275,73.29246521
423,2015-04-18 15:00:00,640,22.83849487,75.06341553
423.5,2015-04-18 15:30:00,673,22.54015503,77.38160706
424,2015-04-18 16:00:00,577,22.24181519,79.76273346
424.5,2015-04-18 16:30:00,473,21.9248291,82.82232666
425,2015-04-18 17:00:00,314,21.6078125,85.97521973
425.5,2015-04-18 17:30:00,167,21.11141357,88.56757355
426,2015-04-18 18:00:00,133,20.61504517,91.24846649
426.5,2015-04-18 18:30:00,48,20.26748047,92.65323639
427,2015-04-18 19:00:00,0,19.91994629,94.08128357
427.5,2015-04-18 19:30:00,0,19.70198975,94.93792725
428,2015-04-18 20:00:00,0,19.48406372,95.80238342
428.5,2015-04-18 20:30:00,0,19.19869385,97.08666229
429,2015-04-18 21:00:00,0,18.91329346,98.39009857
429.5,2015-04-18 21:30:00,0,18.59459839,99.67107391
430,2015-04-18 22:00:00,0,18.2758728,100
430.5,2015-04-18 22:30:00,0,17.92806396,100
431,2015-04-18 23:00:00,0,17.58028564,100
431.5,2015-04-18 23:30:00,0,17.36095581,100
432,2015-04-19 00:00:00,0,17.14162598,100
432.5,2015-04-19 00:30:00,0,17.08114014,100
433,2015-04-19 01:00:00,0,17.02062378,99.7600708
433.5,2015-04-19 01:30:00,0,16.70696411,100
434,2015-04-19 02:00:00,0,16.39327393,100
434.5,2015-04-19 02:30:00,0,16.29793701,100
435,2015-04-19 03:00:00,0,16.2026001,100
435.5,2015-04-19 03:30:00,0,16.23848877,100
436,2015-04-19 04:00:00,0,16.27437744,99.89883423
436.5,2015-04-19 04:30:00,0,16.35057983,100
437,2015-04-19 05:00:00,0,16.42681274,100
437.5,2015-04-19 05:30:00,0,16.63479004,100
438,2015-04-19 06:00:00,0,16.84279785,99.90084076
438.5,2015-04-19 06:30:00,63,17.4475647,98.55063629
439,2015-04-19 07:00:00,49,18.05233154,97.18108368
439.5,2015-04-19 07:30:00,272,19.43422852,92.943573
440,2015-04-19 08:00:00,386,20.81612549,88.83052826
440.5,2015-04-19 08:30:00,498,22.14968262,84.04341125
441,2015-04-19 09:00:00,604,23.48327026,79.52894592
441.5,2015-04-19 09:30:00,701,24.74147949,74.45494843
442,2015-04-19 10:00:00,786,25.99968872,69.74884796
442.5,2015-04-19 10:30:00,858,26.83220825,64.91782379
443,2015-04-19 11:00:00,916,27.66472778,60.40891266
443.5,2015-04-19 11:30:00,959,28.22036133,55.23760986
444,2015-04-19 12:00:00,984,28.77596436,50.34729385
444.5,2015-04-19 12:30:00,995,29.07225952,44.92318344
445,2015-04-19 13:00:00,987,29.36852417,39.68295288
445.5,2015-04-19 13:30:00,963,29.22628174,37.00438309
446,2015-04-19 14:00:00,921,29.08400879,34.28529739
446.5,2015-04-19 14:30:00,863,28.65148315,33.85324478
447,2015-04-19 15:00:00,789,28.218927,33.38155746
447.5,2015-04-19 15:30:00,701,27.5703064,35.6398735
448,2015-04-19 16:00:00,603,26.92165527,38.03022385
448.5,2015-04-19 16:30:00,495,26.00774536,41.4643631
449,2015-04-19 17:00:00,382,25.09380493,45.18022156
449.5,2015-04-19 17:30:00,267,23.8102356,46.02140045
450,2015-04-19 18:00:00,156,22.52666626,46.74654388
450.5,2015-04-19 18:30:00,58,21.55425415,46.9875679
451,2015-04-19 19:00:00,0,20.58181152,47.10642242
451.5,2015-04-19 19:30:00,0,20.0694519,47.94091034
452,2015-04-19 20:00:00,0,19.5571228,48.78560638
452.5,2015-04-19 20:30:00,0,19.06762085,49.9848938
453,2015-04-19 21:00:00,0,18.5781189,51.21727753
453.5,2015-04-19 21:30:00,0,18.11455688,52.50793839
454,2015-04-19 22:00:00,0,17.65096436,53.83576202
454.5,2015-04-19 22:30:00,0,17.19588623,55.28987503
455,2015-04-19 23:00:00,0,16.74077759,56.78886795
455.5,2015-04-19 23:30:00,0,16.22814331,58.14429474
456,2015-04-20 00:00:00,0,15.71550903,59.53485489
456.5,2015-04-20 00:30:00,0,15.06350098,60.98974991
457,2015-04-20 01:00:00,0,14.41152344,62.47402954
457.5,2015-04-20 01:30:00,0,13.69371948,63.94564438
458,2015-04-20 02:00:00,0,12.97591553,65.43367767
458.5,2015-04-20 02:30:00,0,12.30651245,67.02069092
459,2015-04-20 03:00:00,0,11.63707886,68.63531494
459.5,2015-04-20 03:30:00,0,11.09038696,70.04955292
460,2015-04-20 04:00:00,0,10.54369507,71.48608398
460.5,2015-04-20 04:30:00,0,10.12020264,72.44747925
461,2015-04-20 05:00:00,0,9.696740723,73.41203308
461.5,2015-04-20 05:30:00,0,9.876367188,72.20438385
462,2015-04-20 06:00:00,0,10.05599365,71.01610565
462.5,2015-04-20 06:30:00,69,11.38353882,65.06798553
463,2015-04-20 07:00:00,170,12.71105347,59.67373276
463.5,2015-04-20 07:30:00,283,14.42714844,52.6557045
464,2015-04-20 08:00:00,397,16.14321289,46.52350616
464.5,2015-04-20 08:30:00,510,17.46053467,42.0708313
465,2015-04-20 09:00:00,616,18.77785645,38.06494522
465.5,2015-04-20 09:30:00,713,19.70580444,36.33457184
466,2015-04-20 10:00:00,728,20.63372192,34.69295502
466.5,2015-04-20 10:30:00,783,21.37233887,34.02315903
467,2015-04-20 11:00:00,799,22.11092529,33.35292816
467.5,2015-04-20 11:30:00,971,22.63912354,33.32724762
468,2015-04-20 12:00:00,995,23.16735229,33.2738266
468.5,2015-04-20 12:30:00,905,23.47631226,33.59710693
469,2015-04-20 13:00:00,991,23.7852417,33.89859009
469.5,2015-04-20 13:30:00,889,23.84295044,34.4383049
470,2015-04-20 14:00:00,917,23.90065918,34.97354126
470.5,2015-04-20 14:30:00,699,23.50603638,35.52318192
471,2015-04-20 15:00:00,728,23.11138306,36.08192825
471.5,2015-04-20 15:30:00,616,22.5519043,36.90615463
472,2015-04-20 16:00:00,469,21.99239502,37.75018311
472.5,2015-04-20 16:30:00,338,21.26403198,40.63675308
473,2015-04-20 17:00:00,226,20.53569946,43.71868896
473.5,2015-04-20 17:30:00,155,19.50536499,48.91466904
474,2015-04-20 18:00:00,81,18.47503052,54.63424301
474.5,2015-04-20 18:30:00,30,17.72789917,57.39444351
475,2015-04-20 19:00:00,0,16.98076782,60.31030273
475.5,2015-04-20 19:30:00,0,16.63561401,61.66027069
476,2015-04-20 20:00:00,0,16.29046021,63.04415512
476.5,2015-04-20 20:30:00,0,16.00942383,64.75271606
477,2015-04-20 21:00:00,0,15.72838745,66.50553894
477.5,2015-04-20 21:30:00,0,15.47188721,68.03234863
478,2015-04-20 22:00:00,0,15.21535645,69.59396362
478.5,2015-04-20 22:30:00,0,15.00466309,70.80771637
479,2015-04-20 23:00:00,0,14.79396973,72.0433197
479.5,2015-04-20 23:30:00,0,14.57903442,72.66743469
480,2015-04-21 00:00:00,0,14.36412964,73.29663086
480.5,2015-04-21 00:30:00,0,14.11376343,73.81229401
481,2015-04-21 01:00:00,0,13.86342773,74.32802582
481.5,2015-04-21 01:30:00,0,13.56612549,75.06879425
482,2015-04-21 02:00:00,0,13.26879272,75.81442261
482.5,2015-04-21 02:30:00,0,12.99837646,76.69161987
483,2015-04-21 03:00:00,0,12.72799072,77.57909393
483.5,2015-04-21 03:30:00,0,12.48082886,78.53955841
484,2015-04-21 04:00:00,0,12.23366699,79.51329803
484.5,2015-04-21 04:30:00,0,11.99486694,80.38256836
485,2015-04-21 05:00:00,0,11.75609741,81.26163483
485.5,2015-04-21 05:30:00,0,12.1866394,80.73454285
486,2015-04-21 06:00:00,0,12.6171814,80.18339539
486.5,2015-04-21 06:30:00,68,13.89168701,74.71914673
487,2015-04-21 07:00:00,166,15.16622314,69.67520905
487.5,2015-04-21 07:30:00,275,16.94643555,63.93004608
488,2015-04-21 08:00:00,387,18.72664795,58.70941162
488.5,2015-04-21 08:30:00,498,20.3093811,50.87734985
489,2015-04-21 09:00:00,602,21.89211426,44.04993439
489.5,2015-04-21 09:30:00,698,22.81508789,42.79201508
490,2015-04-21 10:00:00,783,23.73803101,41.55722427
490.5,2015-04-21 10:30:00,854,24.37774048,41.67818069
491,2015-04-21 11:00:00,910,25.01744995,41.73918152
491.5,2015-04-21 11:30:00,951,25.5206543,42.25203705
492,2015-04-21 12:00:00,564,26.02388916,42.70330811
492.5,2015-04-21 12:30:00,982,26.33068237,43.52046967
493,2015-04-21 13:00:00,971,26.6375061,44.29603195
493.5,2015-04-21 13:30:00,944,26.56646118,45.46274185
494,2015-04-21 14:00:00,899,26.49541626,46.63787079
494.5,2015-04-21 14:30:00,839,26.0708252,48.02035141
495,2015-04-21 15:00:00,765,25.64623413,49.44669724
495.5,2015-04-21 15:30:00,678,25.28286133,50.90907288
496,2015-04-21 16:00:00,582,24.91948853,52.41482162
496.5,2015-04-21 16:30:00,478,24.39748535,54.88572693
497,2015-04-21 17:00:00,369,23.87548218,57.46773911
497.5,2015-04-21 17:30:00,258,22.94191895,62.16733932
498,2015-04-21 18:00:00,122,22.00835571,67.24573517
498.5,2015-04-21 18:30:00,58,21.25765381,70.751091
499,2015-04-21 19:00:00,0,20.50698242,74.45703125
499.5,2015-04-21 19:30:00,0,20.07174072,77.09101105
500,2015-04-21 20:00:00,0,19.63652954,79.8207016
500.5,2015-04-21 20:30:00,0,19.25542603,82.527565
501,2015-04-21 21:00:00,0,18.87435303,85.3245163
501.5,2015-04-21 21:30:00,0,18.54647217,88.07386017
502,2015-04-21 22:00:00,0,18.21862183,90.904953
502.5,2015-04-21 22:30:00,0,17.94991455,93.4295578
503,2015-04-21 23:00:00,0,17.68120728,96.01747131
503.5,2015-04-21 23:30:00,0,17.40044556,98.47655487
504,2015-04-22 00:00:00,0,17.11968384,100
504.5,2015-04-22 00:30:00,0,16.85653076,100
505,2015-04-22 01:00:00,0,16.5934082,100
505.5,2015-04-22 01:30:00,0,16.41164551,100
506,2015-04-22 02:00:00,0,16.22991333,100
506.5,2015-04-22 02:30:00,0,16.39690552,100
507,2015-04-22 03:00:00,0,16.56392822,100
507.5,2015-04-22 03:30:00,0,16.71096191,98.87313843
508,2015-04-22 04:00:00,0,16.85799561,96.84028625
508.5,2015-04-22 04:30:00,0,16.60726318,97.65769958
509,2015-04-22 05:00:00,0,16.35653076,98.4797821
509.5,2015-04-22 05:30:00,0,16.46218262,97.45439911
510,2015-04-22 06:00:00,0,16.56780396,96.43891144
510.5,2015-04-22 06:30:00,70,17.39211426,92.1965332
511,2015-04-22 07:00:00,167,18.21642456,88.16625214
511.5,2015-04-22 07:30:00,276,19.81530151,79.83921814
512,2015-04-22 08:00:00,288,21.41420898,72.38702393
512.5,2015-04-22 08:30:00,499,22.8366333,67.165802
513,2015-04-22 09:00:00,603,24.2590271,62.3716774
513.5,2015-04-22 09:30:00,698,25.41665039,60.26467514
514,2015-04-22 10:00:00,404,26.57427368,58.19831085
514.5,2015-04-22 10:30:00,441,27.05236206,59.16163254
515,2015-04-22 11:00:00,523,27.53045044,60.0338707
515.5,2015-04-22 11:30:00,696,27.1411377,63.45158386
516,2015-04-22 12:00:00,642,26.75182495,66.99928284
516.5,2015-04-22 12:30:00,673,26.40554199,69.6247406
517,2015-04-22 13:00:00,746,26.05922852,72.33332062
517.5,2015-04-22 13:30:00,593,25.75139771,74.54519653
518,2015-04-22 14:00:00,264,25.44356689,76.81681824
518.5,2015-04-22 14:30:00,163,25.37011108,77.97451782
519,2015-04-22 15:00:00,512,25.29665527,79.14076233
519.5,2015-04-22 15:30:00,199,25.02346191,80.98903656
520,2015-04-22 16:00:00,158,24.75029907,82.8792572
520.5,2015-04-22 16:30:00,276,24.34441528,85.82641602
521,2015-04-22 17:00:00,133,23.93853149,88.87527466
521.5,2015-04-22 17:30:00,105,23.41732178,91.5421524
522,2015-04-22 18:00:00,63,22.89614258,94.30029297
522.5,2015-04-22 18:30:00,24,22.51583252,96.06088257
523,2015-04-22 19:00:00,0,22.13552246,97.85873413
523.5,2015-04-22 19:30:00,0,21.92180786,98.79168701
524,2015-04-22 20:00:00,0,21.70806274,99.734375
524.5,2015-04-22 20:30:00,0,21.56725464,100
525,2015-04-22 21:00:00,0,21.42644653,100
525.5,2015-04-22 21:30:00,0,21.31932983,100
526,2015-04-22 22:00:00,0,21.21221313,100
526.5,2015-04-22 22:30:00,0,21.0992981,100
527,2015-04-22 23:00:00,0,20.98638306,100
527.5,2015-04-22 23:30:00,0,20.87532959,100
528,2015-04-23 00:00:00,0,20.76427612,100
528.5,2015-04-23 00:30:00,0,20.65343628,100
529,2015-04-23 01:00:00,0,20.54259644,100
529.5,2015-04-23 01:30:00,0,20.45528564,100
530,2015-04-23 02:00:00,0,20.36794434,100
530.5,2015-04-23 02:30:00,0,20.26146851,100
531,2015-04-23 03:00:00,0,20.15502319,100
531.5,2015-04-23 03:30:00,0,20.03481445,100
532,2015-04-23 04:00:00,0,19.91463623,100
532.5,2015-04-23 04:30:00,0,19.81914673,100
533,2015-04-23 05:00:00,0,19.72365723,100
533.5,2015-04-23 05:30:00,0,19.69066772,100
534,2015-04-23 06:00:00,0,19.65767822,100
534.5,2015-04-23 06:30:00,12,19.7897583,100
535,2015-04-23 07:00:00,112,19.92183838,100
535.5,2015-04-23 07:30:00,112,20.23900757,100
536,2015-04-23 08:00:00,138,20.55617676,99.92300415
536.5,2015-04-23 08:30:00,226,21.06286011,98.55094147
537,2015-04-23 09:00:00,325,21.56957397,97.18238068
537.5,2015-04-23 09:30:00,361,22.24337158,96.05010223
538,2015-04-23 10:00:00,364,22.91716919,94.87423706
538.5,2015-04-23 10:30:00,406,23.47731934,93.43875122
539,2015-04-23 11:00:00,197,24.03746948,92.00699615
539.5,2015-04-23 11:30:00,569,25.07247314,89.58264923
540,2015-04-23 12:00:00,761,26.10750732,87.16308594
540.5,2015-04-23 12:30:00,684,26.49788818,85.0016861
541,2015-04-23 13:00:00,603,26.88826904,82.8992157
541.5,2015-04-23 13:30:00,586,26.87044678,82.24065399
542,2015-04-23 14:00:00,634,26.85265503,81.5811615
542.5,2015-04-23 14:30:00,714,26.69622192,81.74082947
543,2015-04-23 15:00:00,564,26.53981934,81.89759064
543.5,2015-04-23 15:30:00,168,26.3527771,82.72096252
544,2015-04-23 16:00:00,72,26.16573486,83.55387115
544.5,2015-04-23 16:30:00,213,25.79906616,85.53277588
545,2015-04-23 17:00:00,106,25.43239746,87.56355286
545.5,2015-04-23 17:30:00,31,24.7763916,90.57085419
546,2015-04-23 18:00:00,18,24.12038574,93.69709778
546.5,2015-04-23 18:30:00,7,23.57436523,95.69820404
547,2015-04-23 19:00:00,0,23.02831421,97.7424469
547.5,2015-04-23 19:30:00,0,22.82393799,98.97200775
548,2015-04-23 20:00:00,0,22.61956177,100
548.5,2015-04-23 20:30:00,0,22.50924072,100
549,2015-04-23 21:00:00,0,22.39891968,100
549.5,2015-04-23 21:30:00,0,22.30932007,100
550,2015-04-23 22:00:00,0,22.21972046,100
550.5,2015-04-23 22:30:00,0,22.14901123,100
551,2015-04-23 23:00:00,0,22.07833252,100
551.5,2015-04-23 23:30:00,0,22.04842529,100
552,2015-04-24 00:00:00,0,22.01854858,100
552.5,2015-04-24 00:30:00,0,21.98088989,100
553,2015-04-24 01:00:00,0,21.9432312,100
553.5,2015-04-24 01:30:00,0,21.93773804,100
554,2015-04-24 02:00:00,0,21.93224487,100
554.5,2015-04-24 02:30:00,0,21.87554321,100
555,2015-04-24 03:00:00,0,21.81884155,100
555.5,2015-04-24 03:30:00,0,21.73116455,100
556,2015-04-24 04:00:00,0,21.64348755,100
556.5,2015-04-24 04:30:00,0,21.52834473,100
557,2015-04-24 05:00:00,0,21.4132019,100
557.5,2015-04-24 05:30:00,0,21.36889038,100
558,2015-04-24 06:00:00,0,21.32454834,100
558.5,2015-04-24 06:30:00,7,21.48043213,100
559,2015-04-24 07:00:00,24,21.63631592,100
559.5,2015-04-24 07:30:00,73,22.01293335,100
560,2015-04-24 08:00:00,8,22.3895813,100
560.5,2015-04-24 08:30:00,329,22.89443359,97.93197632
561,2015-04-24 09:00:00,489,23.39931641,95.60538483
561.5,2015-04-24 09:30:00,584,24.20089111,92.67391205
562,2015-04-24 10:00:00,759,25.00246582,89.83300781
562.5,2015-04-24 10:30:00,527,25.48967896,88.1011734
563,2015-04-24 11:00:00,723,25.97692261,86.40396881
563.5,2015-04-24 11:30:00,610,26.12078247,86.52716064
564,2015-04-24 12:00:00,225,26.26467285,86.64219666
564.5,2015-04-24 12:30:00,170,26.19689331,87.26641846
565,2015-04-24 13:00:00,770,26.12914429,87.8941803
565.5,2015-04-24 13:30:00,435,25.88265381,89.22879791
566,2015-04-24 14:00:00,599,25.63616333,90.58603668
566.5,2015-04-24 14:30:00,224,25.51748047,91.65418243
567,2015-04-24 15:00:00,392,25.39882813,92.7330246
567.5,2015-04-24 15:30:00,412,25.29458008,93.19911957
568,2015-04-24 16:00:00,260,25.19033203,93.66794586
568.5,2015-04-24 16:30:00,328,25.01485596,94.30766296
569,2015-04-24 17:00:00,119,24.83937988,94.95202637
569.5,2015-04-24 17:30:00,176,24.55935059,95.73709106
570,2015-04-24 18:00:00,73,24.27935181,96.52508545
570.5,2015-04-24 18:30:00,29,24.04284058,97.1474762
571,2015-04-24 19:00:00,0,23.80632935,97.77065277
571.5,2015-04-24 19:30:00,0,23.65227661,98.289711
572,2015-04-24 20:00:00,0,23.49822388,98.81076813
572.5,2015-04-24 20:30:00,0,23.38143311,99.27019501
573,2015-04-24 21:00:00,0,23.26461182,99.7318573
573.5,2015-04-24 21:30:00,0,23.12584839,100
574,2015-04-24 22:00:00,0,22.98708496,100
574.5,2015-04-24 22:30:00,0,22.81444702,100
575,2015-04-24 23:00:00,0,22.64180908,100
575.5,2015-04-24 23:30:00,0,22.45134888,100
576,2015-04-25 00:00:00,0,22.26091919,100
576.5,2015-04-25 00:30:00,0,22.08440552,100
577,2015-04-25 01:00:00,0,21.90786133,100
577.5,2015-04-25 01:30:00,0,21.74163208,100
578,2015-04-25 02:00:00,0,21.57543335,100
578.5,2015-04-25 02:30:00,0,21.42919312,100
579,2015-04-25 03:00:00,0,21.28295288,100
579.5,2015-04-25 03:30:00,0,21.14104614,100
580,2015-04-25 04:00:00,0,20.99916992,100
580.5,2015-04-25 04:30:00,0,20.73516235,100
581,2015-04-25 05:00:00,0,20.47115479,100
581.5,2015-04-25 05:30:00,0,20.20903931,100
582,2015-04-25 06:00:00,5,19.94695435,100
582.5,2015-04-25 06:30:00,47,20.26192627,100
583,2015-04-25 07:00:00,106,20.57689819,100
583.5,2015-04-25 07:30:00,292,21.54696045,99.12712097
584,2015-04-25 08:00:00,406,22.51705322,96.36621094
584.5,2015-04-25 08:30:00,518,23.83065186,85.1657486
585,2015-04-25 09:00:00,624,25.14425049,75.1757431
585.5,2015-04-25 09:30:00,721,26.38720093,65.59125519
586,2015-04-25 10:00:00,808,27.63015137,57.0329361
586.5,2015-04-25 10:30:00,881,28.63665161,50.31574249
587,2015-04-25 11:00:00,939,29.64315186,44.2030983
587.5,2015-04-25 11:30:00,981,30.16036377,41.70098114
588,2015-04-25 12:00:00,1006,30.6776062,39.31341553
588.5,2015-04-25 12:30:00,1014,30.8963562,38.17258835
589,2015-04-25 13:00:00,1005,31.1151062,37.05537796
589.5,2015-04-25 13:30:00,977,31.08883057,36.49210739
590,2015-04-25 14:00:00,933,31.06258545,35.92765808
590.5,2015-04-25 14:30:00,874,30.840448,36.26446152
591,2015-04-25 15:00:00,799,30.61828003,36.60491562
591.5,2015-04-25 15:30:00,711,30.2394043,38.98448944
592,2015-04-25 16:00:00,612,29.86052856,41.45392609
592.5,2015-04-25 16:30:00,505,29.35238037,42.79388046
593,2015-04-25 17:00:00,392,28.84420166,44.18177795
593.5,2015-04-25 17:30:00,278,27.4366394,47.83827972
594,2015-04-25 18:00:00,166,26.02907715,51.84222031
594.5,2015-04-25 18:30:00,68,25.0083252,54.01896667
595,2015-04-25 19:00:00,0,23.98757324,56.29247284
595.5,2015-04-25 19:30:00,0,23.55043945,56.98425293
596,2015-04-25 20:00:00,0,23.11333618,57.67805099
596.5,2015-04-25 20:30:00,0,22.64751587,59.56568909
597,2015-04-25 21:00:00,0,22.18169556,61.52040482
597.5,2015-04-25 21:30:00,0,21.72844849,64.81458282
598,2015-04-25 22:00:00,0,21.27520142,68.25231171
598.5,2015-04-25 22:30:00,0,20.83660278,72.28566742
599,2015-04-25 23:00:00,0,20.39797363,76.49714661
599.5,2015-04-25 23:30:00,0,19.98607788,80.37567902
600,2015-04-26 00:00:00,0,19.57415161,84.41105652
600.5,2015-04-26 00:30:00,0,19.18700562,88.40747833
601,2015-04-26 01:00:00,0,18.7998291,92.55568695
601.5,2015-04-26 01:30:00,0,18.37069092,96.47759247
602,2015-04-26 02:00:00,0,17.94155273,100
602.5,2015-04-26 02:30:00,0,17.590448,100
603,2015-04-26 03:00:00,0,17.23934326,100
603.5,2015-04-26 03:30:00,0,17.00322876,100
604,2015-04-26 04:00:00,0,16.76714478,100
604.5,2015-04-26 04:30:00,0,17.03182373,100
605,2015-04-26 05:00:00,0,17.29650269,100
605.5,2015-04-26 05:30:00,0,17.82644043,100
606,2015-04-26 06:00:00,1,18.35637817,100
606.5,2015-04-26 06:30:00,10,19.22789917,99.67219543
607,2015-04-26 07:00:00,79,20.09942017,96.4629364
607.5,2015-04-26 07:30:00,127,21.40908203,91.26399994
608,2015-04-26 08:00:00,93,22.71871338,86.36379242
608.5,2015-04-26 08:30:00,132,24.41741333,80.23713684
609,2015-04-26 09:00:00,42,26.11611328,74.58581543
609.5,2015-04-26 09:30:00,389,27.02211914,71.49482727
610,2015-04-26 10:00:00,118,27.928125,68.54898834
610.5,2015-04-26 10:30:00,128,28.52779541,65.44512177
611,2015-04-26 11:00:00,496,29.12746582,62.48379898
611.5,2015-04-26 11:30:00,516,29.11647949,62.38650131
612,2015-04-26 12:00:00,375,29.10549316,62.28913116
612.5,2015-04-26 12:30:00,584,28.46831665,64.53190613
613,2015-04-26 13:00:00,576,27.83117065,66.86703491
613.5,2015-04-26 13:30:00,936,27.14580688,69.77484131
614,2015-04-26 14:00:00,892,26.46044312,72.82351685
614.5,2015-04-26 14:30:00,834,26.39373169,74.56905365
615,2015-04-26 15:00:00,762,26.32702026,76.32705688
615.5,2015-04-26 15:30:00,678,26.20864258,76.97662354
616,2015-04-26 16:00:00,583,26.09029541,77.63174438
616.5,2015-04-26 16:30:00,481,25.75939331,80.66529846
617,2015-04-26 17:00:00,373,25.42849121,83.79310608
617.5,2015-04-26 17:30:00,264,24.85952148,86.98882294
618,2015-04-26 18:00:00,79,24.29055176,90.31847382
618.5,2015-04-26 18:30:00,65,23.79152832,92.99160004
619,2015-04-26 19:00:00,0,23.2925354,95.75445557
619.5,2015-04-26 19:30:00,0,23.09429321,96.93080139
620,2015-04-26 20:00:00,0,22.89605103,98.12339783
620.5,2015-04-26 20:30:00,0,22.68856201,99.28496552
621,2015-04-26 21:00:00,0,22.48110352,100
621.5,2015-04-26 21:30:00,0,22.26110229,100
622,2015-04-26 22:00:00,0,22.04110107,100
622.5,2015-04-26 22:30:00,0,21.90273438,100
623,2015-04-26 23:00:00,0,21.76439819,100
623.5,2015-04-26 23:30:00,0,21.72738037,100
624,2015-04-27 00:00:00,0,21.69033203,100
624.5,2015-04-27 00:30:00,0,21.66665039,100
625,2015-04-27 01:00:00,0,21.64299927,100
625.5,2015-04-27 01:30:00,0,21.5836731,100
626,2015-04-27 02:00:00,0,21.52437744,100
626.5,2015-04-27 02:30:00,0,21.35750732,100
627,2015-04-27 03:00:00,0,21.19060669,100
627.5,2015-04-27 03:30:00,0,20.97805176,100
628,2015-04-27 04:00:00,0,20.76549683,100
628.5,2015-04-27 04:30:00,0,20.56325684,100
629,2015-04-27 05:00:00,0,20.36104736,100
629.5,2015-04-27 05:30:00,0,20.31069336,100
630,2015-04-27 06:00:00,4,20.26030884,100
630.5,2015-04-27 06:30:00,30,20.41399536,100
631,2015-04-27 07:00:00,24,20.56768188,100
631.5,2015-04-27 07:30:00,166,20.88662109,100
632,2015-04-27 08:00:00,391,21.2055603,99.4593811
632.5,2015-04-27 08:30:00,498,21.71929321,97.65872192
633,2015-04-27 09:00:00,600,22.23305664,95.88703156
633.5,2015-04-27 09:30:00,694,22.83141479,94.20076752
634,2015-04-27 10:00:00,778,23.42980347,92.52967072
634.5,2015-04-27 10:30:00,849,24.14541016,90.65174103
635,2015-04-27 11:00:00,786,24.86101685,88.7906189
635.5,2015-04-27 11:30:00,761,25.57970581,86.20373535
636,2015-04-27 12:00:00,787,26.29839478,83.69716644
636.5,2015-04-27 12:30:00,601,26.57671509,79.35784149
637,2015-04-27 13:00:00,438,26.85506592,75.14466095
637.5,2015-04-27 13:30:00,951,26.99263916,70.86381531
638,2015-04-27 14:00:00,702,27.1302124,66.65525818
638.5,2015-04-27 14:30:00,852,27.16976318,62.39713287
639,2015-04-27 15:00:00,733,27.20934448,58.16718292
639.5,2015-04-27 15:30:00,607,26.89116821,55.43676758
640,2015-04-27 16:00:00,513,26.57296143,52.59158707
640.5,2015-04-27 16:30:00,495,25.9447876,53.95001221
641,2015-04-27 17:00:00,284,25.31661377,55.34589386
641.5,2015-04-27 17:30:00,273,24.17260132,59.96881866
642,2015-04-27 18:00:00,165,23.02858887,65.00798035
642.5,2015-04-27 18:30:00,69,21.96395264,68.5617218
643,2015-04-27 19:00:00,0,20.89931641,72.33833313
643.5,2015-04-27 19:30:00,0,20.31453857,77.53717041
644,2015-04-27 20:00:00,0,19.72973022,83.03862762
644.5,2015-04-27 20:30:00,0,19.14336548,88.87591553
645,2015-04-27 21:00:00,0,18.55700073,95.05363464
645.5,2015-04-27 21:30:00,0,18.00356445,99.40366364
646,2015-04-27 22:00:00,0,17.45012817,100
646.5,2015-04-27 22:30:00,0,17.22179565,100
647,2015-04-27 23:00:00,0,16.99349365,100
647.5,2015-04-27 23:30:00,0,16.91820679,100
648,2015-04-28 00:00:00,0,16.84291992,100
648.5,2015-04-28 00:30:00,0,16.7060791,99.34042358
649,2015-04-28 01:00:00,0,16.56923828,97.8769455
649.5,2015-04-28 01:30:00,0,16.32265625,97.14926147
650,2015-04-28 02:00:00,0,16.07607422,96.37795258
650.5,2015-04-28 02:30:00,0,15.74871216,96.90345764
651,2015-04-28 03:00:00,0,15.42138062,97.41308594
651.5,2015-04-28 03:30:00,0,15.1458374,96.57634735
652,2015-04-28 04:00:00,0,14.87026367,95.68260956
652.5,2015-04-28 04:30:00,0,14.48156128,94.60241699
653,2015-04-28 05:00:00,0,14.09285889,93.41300201
653.5,2015-04-28 05:30:00,0,13.73623047,91.92497253
654,2015-04-28 06:00:00,0,13.37960205,90.3214798
654.5,2015-04-28 06:30:00,5,13.40374146,87.78419495
655,2015-04-28 07:00:00,12,13.42788086,85.25432587
655.5,2015-04-28 07:30:00,17,13.69091187,82.96973419
656,2015-04-28 08:00:00,49,13.95397339,80.74033356
656.5,2015-04-28 08:30:00,44,14.09533081,79.34328461
657,2015-04-28 09:00:00,119,14.23668823,77.96531677
657.5,2015-04-28 09:30:00,141,14.58062134,76.21224976
658,2015-04-28 10:00:00,241,14.92455444,74.50298309
658.5,2015-04-28 10:30:00,258,15.02831421,73.02819061
659,2015-04-28 11:00:00,141,15.13207397,71.57032013
659.5,2015-04-28 11:30:00,181,15.44658813,69.92889404
660,2015-04-28 12:00:00,88,15.76107178,68.32805634
660.5,2015-04-28 12:30:00,117,16.32528076,66.08683777
661,2015-04-28 13:00:00,125,16.88948975,63.92885971
661.5,2015-04-28 13:30:00,143,17.41454468,61.71490479
662,2015-04-28 14:00:00,161,17.93959961,59.58548737
662.5,2015-04-28 14:30:00,167,18.02236328,58.90675354
663,2015-04-28 15:00:00,460,18.10515747,58.23366547
663.5,2015-04-28 15:30:00,193,17.77202759,58.65612793
664,2015-04-28 16:00:00,147,17.43889771,59.07413864
664.5,2015-04-28 16:30:00,123,16.75048218,60.36766815
665,2015-04-28 17:00:00,116,16.06209717,61.67403412
665.5,2015-04-28 17:30:00,277,15.37035522,63.76218796
666,2015-04-28 18:00:00,57,14.6786438,65.92868805
666.5,2015-04-28 18:30:00,71,13.98165283,68.93755341
667,2015-04-28 19:00:00,0,13.28466187,72.10166931
667.5,2015-04-28 19:30:00,0,12.7413269,74.44620514
668,2015-04-28 20:00:00,0,12.19796143,76.87770081
668.5,2015-04-28 20:30:00,0,11.85158691,78.18926239
669,2015-04-28 21:00:00,0,11.5052124,79.52510071
669.5,2015-04-28 21:30:00,0,11.25609741,80.19232941
670,2015-04-28 22:00:00,0,11.00698242,80.86255646
670.5,2015-04-28 22:30:00,0,10.76784668,81.47615814
671,2015-04-28 23:00:00,0,10.52871094,82.09143066
671.5,2015-04-28 23:30:00,0,10.31194458,82.67038727
672,2015-04-29 00:00:00,0,10.09520874,83.25112152
672.5,2015-04-29 00:30:00,0,9.91048584,83.76740265
673,2015-04-29 01:00:00,0,9.725793457,84.28520966
673.5,2015-04-29 01:30:00,0,9.570733643,84.78430176
674,2015-04-29 02:00:00,0,9.415673828,85.28593445
674.5,2015-04-29 02:30:00,0,9.289300537,85.73487091
675,2015-04-29 03:00:00,0,9.162927246,86.18611145
675.5,2015-04-29 03:30:00,0,9.059716797,86.46574402
676,2015-04-29 04:00:00,0,8.956536865,86.74542999
676.5,2015-04-29 04:30:00,0,8.869958496,86.88047028
677,2015-04-29 05:00:00,0,8.783410645,87.0142746
677.5,2015-04-29 05:30:00,0,9.373010254,84.37550354
678,2015-04-29 06:00:00,15,9.962640381,81.82582855
678.5,2015-04-29 06:30:00,92,11.40740356,76.1864624
679,2015-04-29 07:00:00,195,12.85213623,70.97332764
679.5,2015-04-29 07:30:00,307,14.89754639,63.02619553
680,2015-04-29 08:00:00,421,16.94295654,56.07785034
680.5,2015-04-29 08:30:00,533,18.49950562,51.0602951
681,2015-04-29 09:00:00,638,20.05602417,46.54580307
681.5,2015-04-29 09:30:00,734,21.04100952,44.60650635
682,2015-04-29 10:00:00,819,22.02599487,42.75403595
682.5,2015-04-29 10:30:00,892,22.72628174,41.8913765
683,2015-04-29 11:00:00,949,23.42653809,41.03584671
683.5,2015-04-29 11:30:00,990,23.9291626,40.47134781
684,2015-04-29 12:00:00,1015,24.43175659,39.90847397
684.5,2015-04-29 12:30:00,1022,24.72185669,39.55587006
685,2015-04-29 13:00:00,1011,25.01195679,39.20501328
685.5,2015-04-29 13:30:00,983,25.07570801,39.13476563
686,2015-04-29 14:00:00,939,25.13945923,39.06445313
686.5,2015-04-29 14:30:00,878,24.95263062,39.11516571
687,2015-04-29 15:00:00,803,24.76583252,39.16296387
687.5,2015-04-29 15:30:00,716,24.35820923,39.50537491
688,2015-04-29 16:00:00,618,23.95061646,39.8443222
688.5,2015-04-29 16:30:00,511,23.30666504,42.22249222
689,2015-04-29 17:00:00,399,22.66271362,44.73518372
689.5,2015-04-29 17:30:00,285,21.48439941,50.66889954
690,2015-04-29 18:00:00,174,20.30608521,57.27593231
690.5,2015-04-29 18:30:00,75,19.23027954,59.71569443
691,2015-04-29 19:00:00,0,18.15447388,62.25514221
691.5,2015-04-29 19:30:00,0,17.72509155,63.29518127
692,2015-04-29 20:00:00,0,17.29570923,64.35120392
692.5,2015-04-29 20:30:00,0,16.9237915,65.38533783
693,2015-04-29 21:00:00,0,16.55187378,66.43656158
693.5,2015-04-29 21:30:00,0,16.20690308,67.14628601
694,2015-04-29 22:00:00,0,15.86196289,67.85858917
694.5,2015-04-29 22:30:00,0,15.57079468,69.22846222
695,2015-04-29 23:00:00,0,15.27962646,70.62886047
695.5,2015-04-29 23:30:00,0,14.96709595,71.69008636
696,2015-04-30 00:00:00,0,14.65456543,72.76899719
696.5,2015-04-30 00:30:00,0,14.34298096,69.75757599
697,2015-04-30 01:00:00,0,14.03139648,66.60223389
697.5,2015-04-30 01:30:00,0,13.74138794,68.01263428
698,2015-04-30 02:00:00,0,13.45137939,69.455513
698.5,2015-04-30 02:30:00,0,13.17736206,70.89620972
699,2015-04-30 03:00:00,0,12.90337524,72.36885834
699.5,2015-04-30 03:30:00,0,12.64751587,73.8837204
700,2015-04-30 04:00:00,0,12.39168701,75.4315033
700.5,2015-04-30 04:30:00,0,12.17049561,76.55866241
701,2015-04-30 05:00:00,0,11.94927368,77.70480347
701.5,2015-04-30 05:30:00,0,12.72521362,77.58766937
702,2015-04-30 06:00:00,17,13.50115356,77.32021332
702.5,2015-04-30 06:30:00,96,15.03557739,72.66577148
703,2015-04-30 07:00:00,200,16.57000122,68.28549194
703.5,2015-04-30 07:30:00,313,18.26381836,62.63935471
704,2015-04-30 08:00:00,428,19.9576355,57.5179863
704.5,2015-04-30 08:30:00,539,21.68612061,49.7678566
705,2015-04-30 09:00:00,645,23.41460571,43.05570221
705.5,2015-04-30 09:30:00,740,24.24221191,41.75394821
706,2015-04-30 10:00:00,825,25.06984863,40.49003983
706.5,2015-04-30 10:30:00,896,25.62572632,39.81513596
707,2015-04-30 11:00:00,952,26.181604,39.14677048
707.5,2015-04-30 11:30:00,992,26.57665405,38.70147324
708,2015-04-30 12:00:00,1015,26.97167358,38.25848007
708.5,2015-04-30 12:30:00,1021,27.13430176,38.15866852
709,2015-04-30 13:00:00,1009,27.29692993,38.05755234
709.5,2015-04-30 13:30:00,981,27.27102051,38.17411804
710,2015-04-30 14:00:00,935,27.24511108,38.29090118
710.5,2015-04-30 14:30:00,875,27.01293335,38.62665939
711,2015-04-30 15:00:00,800,26.78078613,38.96545029
711.5,2015-04-30 15:30:00,712,26.35695801,39.61239624
712,2015-04-30 16:00:00,615,25.93312988,40.27060699
712.5,2015-04-30 16:30:00,509,25.26531372,42.70869064
713,2015-04-30 17:00:00,397,24.59746704,45.2874527
713.5,2015-04-30 17:30:00,284,23.49682007,50.6125946
714,2015-04-30 18:00:00,174,22.3961731,56.48666
714.5,2015-04-30 18:30:00,75,21.24535522,58.12205505
715,2015-04-30 19:00:00,0,20.09453735,59.73610687
715.5,2015-04-30 19:30:00,0,19.63552246,59.88877487
716,2015-04-30 20:00:00,0,19.17653809,60.00665283
716.5,2015-04-30 20:30:00,0,18.7456604,60.61492538
717,2015-04-30 21:00:00,0,18.31478271,61.21723175
717.5,2015-04-30 21:30:00,0,17.92302856,62.13487244
718,2015-04-30 22:00:00,0,17.53130493,63.064991
718.5,2015-04-30 22:30:00,0,17.15145264,64.304245
719,2015-04-30 23:00:00,0,16.77163086,65.57111359
719.5,2015-04-30 23:30:00,0,16.41954956,66.93811035
